Feature,Importance
balance_change_ratio,0.2622211823530115
zero_balance_after_txn,0.12744099416088436
avg_amount_sent,0.11450364458876884
total_amount_sent,0.09985658490491728
max_amount_sent,0.09972614497098388
transfer_count,0.0694436889866415
payment_count,0.05536230133677223
unique_counterparties_in,0.0265671522437408
cashin_count,0.024954053440845322
cashout_count,0.02411664431257451
in_out_ratio,0.024018694498866015
in_txn_count,0.018841570576442816
max_amount_received,0.0161454386857888
total_amount_received,0.011821260164334062
unique_counterparties_out,0.011429960392969585
avg_amount_received,0.006844312491257912
active_steps,0.004233796641573837
out_txn_count,0.001577199608446172
debit_count,0.0007356971466669562
avg_step_gap,9.094639671059347e-05
std_amount_sent,4.536848346689123e-05
total_txn_count,2.3363614336217764e-05
